scale_factor,query,query_num,mean,median,std,min,max,count
1,Q1,1,1.5165948888888887,1.476982,0.12194216135779742,1.37744,1.731838,9
1,Q2,2,136.885841,223.867616,128.21522249680794,0.198792,257.186963,7
1,Q3,3,0.373987,0.355763,0.04069687673519925,0.345587,0.420611,3
1,Q4,4,0.17028200000000002,0.162245,0.01798676838678921,0.157715,0.190886,3
1,Q5,5,0.5552146666666666,0.457385,0.1764151229921441,0.44939,0.758869,3
1,Q6,6,0.21323466666666668,0.214734,0.0053237739746662275,0.207322,0.217648,3
1,Q7,7,2.307916,2.303931,0.015642936904558386,2.294651,2.325166,3
1,Q8,8,0.23549133333333336,0.187487,0.08404039754982921,0.186456,0.332531,3
1,Q9,9,1.6970536666666665,1.719336,0.04982047246196421,1.639981,1.731844,3
1,Q10,10,0.45025866666666664,0.450239,0.016134508989533364,0.434134,0.466403,3
1,Q11,11,0.07407033333333334,0.055918,0.03298638210433713,0.054147,0.112146,3
1,Q12,12,0.38329066666666667,0.381107,0.018567058742119967,0.365912,0.402853,3
1,Q13,13,0.4897643333333333,0.494097,0.009671525026247584,0.478684,0.496512,3
1,Q14,14,0.23254799999999998,0.230271,0.01225124152892269,0.221595,0.245778,3
1,Q15,15,0.510217,0.521146,0.02704007860565501,0.479423,0.530082,3
1,Q16,16,0.169212,0.167795,0.010190656946438741,0.159804,0.180037,3
1,Q17,17,0.56771,0.538583,0.052430238689138146,0.53631,0.628237,3
1,Q18,18,2.250402,2.209653,0.0828627570564729,2.195804,2.345749,3
1,Q19,19,0.04112233333333334,0.036278,0.012120713111584372,0.032173,0.054916,3
1,Q20,20,1.7816816666666666,1.787275,0.03654049202368971,1.742667,1.815103,3
1,Q21,21,1.3642776666666665,1.302038,0.11908984642837239,1.289204,1.501591,3
1,Q22,22,0.08073000000000001,0.085027,0.013492816125627735,0.065612,0.091551,3
2,Q1,1,3.408336333333333,3.376276,0.32545301005265465,3.1001,3.748633,3
2,Q2,2,0.7911256666666667,0.661813,0.251347915768827,0.630761,1.080803,3
2,Q3,3,0.7630876666666667,0.720827,0.09085369170448349,0.701062,0.867374,3
2,Q4,4,0.3496013333333334,0.350736,0.016876631930966952,0.332186,0.365882,3
2,Q5,5,1.0900656666666666,1.091063,0.016047260866993297,1.073543,1.105591,3
2,Q6,6,0.43699099999999996,0.43651,0.002565543412222857,0.4347,0.439763,3
2,Q7,7,5.311209666666667,5.356648,0.16003487546261064,5.133369,5.443612,3
2,Q8,8,0.539014,0.426453,0.19938742804650447,0.421361,0.769228,3
2,Q9,9,3.815132666666667,3.814382,0.0026305942928041164,3.812959,3.818057,3
2,Q10,10,0.8670693333333334,0.871318,0.016188687449368234,0.84918,0.88071,3
2,Q11,11,0.30493733333333334,0.295905,0.016773153857677862,0.294616,0.324291,3
2,Q12,12,0.7904490000000001,0.780206,0.043154065196688,0.753338,0.837803,3
2,Q13,13,1.1301889999999999,1.1503,0.06552362904326964,1.056967,1.1833,3
2,Q14,14,0.4353336666666667,0.427851,0.014541700359082279,0.426057,0.452093,3
2,Q15,15,1.1061703333333333,1.092425,0.049891883531625936,1.064592,1.161494,3
2,Q16,16,0.3288216666666666,0.332727,0.016584523427983486,0.310633,0.343105,3
2,Q17,17,1.1614603333333333,1.165727,0.023747233466939514,1.135869,1.182785,3
2,Q18,18,4.404851,4.408738,0.013484431133718512,4.38985,4.415965,3
2,Q19,19,0.09341300000000001,0.091571,0.00789190496648306,0.086605,0.102063,3
2,Q20,20,3.728194,3.726155,0.05228332815535016,3.67696,3.781467,3
2,Q21,21,1.043081,1.037014,0.02122025935279771,1.025555,1.066674,3
2,Q22,22,0.13052233333333332,0.131733,0.00551851513845286,0.124499,0.135335,3
4,Q1,1,6.932908,6.052347,1.7491030484311094,5.799079,8.947298,3
4,Q2,2,1.5556136666666667,1.306827,0.457260669524871,1.276688,2.083326,3
4,Q3,3,2.2931253333333337,2.253272,0.0954541992231527,2.224056,2.402048,3
4,Q4,4,0.7050463333333333,0.700286,0.027204679199235825,0.680536,0.734317,3
4,Q5,5,1.8934913333333334,1.888805,0.22966236259416428,1.666208,2.125461,3
4,Q6,6,0.9222193333333334,0.930844,0.03436941896997001,0.884359,0.951455,3
4,Q7,7,4.5985146666666665,4.310347,0.620903396181993,4.174056,5.311141,3
4,Q8,8,1.1822713333333332,1.019594,0.318400287973069,0.978074,1.549146,3
4,Q9,9,6.885940000000001,6.892772,0.14154471522808637,6.741103,7.023945,3
4,Q10,10,1.9487113333333335,1.941603,0.06563980615703657,1.886915,2.017616,3
4,Q11,11,0.7480176666666667,0.741316,0.022064494291357137,0.730081,0.772656,3
4,Q12,12,1.4792946666666669,1.480704,0.009871741555233949,1.468794,1.488386,3
4,Q13,13,2.1608246666666666,2.073674,0.15166267974136974,2.072851,2.335949,3
4,Q14,14,1.0842086666666668,1.047568,0.19916900980155858,0.905904,1.299154,3
4,Q15,15,2.5048353333333333,2.531583,0.17708804074903925,2.315895,2.667028,3
4,Q16,16,0.6771983333333335,0.653638,0.042655962306966326,0.651519,0.726438,3
4,Q17,17,3.178176333333333,3.166779,0.08273190609633821,3.101734,3.266016,3
4,Q18,18,9.703938666666668,9.483873,0.7631284826229011,9.075024,10.552919,3
4,Q19,19,0.22761566666666666,0.206161,0.04733324621588226,0.194809,0.281877,3
4,Q20,20,9.196212666666666,8.638689,1.0047464541864939,8.593844,10.356105,3
4,Q21,21,2.7520973333333334,2.755313,0.028679030254409522,2.721946,2.779033,3
4,Q22,22,0.20803633333333335,0.200943,0.02487156477452381,0.187482,0.235684,3
8,Q1,1,11.939505000000002,12.132459,0.3717229892043266,11.510982,12.175074,3
8,Q2,2,3.497246666666667,3.126735,0.6968667559543456,3.063904,4.301101,3
8,Q3,3,8.704986666666667,8.999147,2.3662655786991307,6.205394,10.910419,3
8,Q4,4,4.335609,4.420889,0.5260452509290432,3.772134,4.813804,3
8,Q5,5,7.057413666666666,7.035774,0.056825639832151296,7.014587,7.12188,3
8,Q6,6,2.4470616666666665,2.849531,0.9034600691598569,1.412308,3.079346,3
8,Q7,7,5.032019333333333,4.984195,0.4643741629293491,4.593408,5.518455,3
8,Q8,8,5.7755176666666665,6.27278,3.2938045401338454,2.261355,8.792418,3
8,Q9,9,23.723505666666668,26.172405,5.069145881953815,17.894883,27.103229,3
8,Q10,10,6.096111,6.014949,0.30905008830932224,5.835741,6.437643,3
8,Q11,11,2.6863829999999997,1.298496,2.4181240058828664,1.282077,5.478576,3
8,Q12,12,11.260739666666666,8.689616,5.503124656089696,7.51377,17.578833,3
8,Q13,13,5.350748,4.38469,1.873912730104313,4.156995,7.510559,3
8,Q14,14,5.091227,5.362742,2.443760350378285,2.523048,7.387891,3
8,Q15,15,5.325037666666667,4.995357,0.5840002645378968,4.980428,5.999328,3
8,Q16,16,1.8251026666666668,1.402579,0.885011977219706,1.230541,2.842188,3
8,Q17,17,9.304809333333333,9.809698,1.039663083554154,8.109118,9.995612,3
8,Q18,18,33.010724333333336,30.827767,4.135778337124625,30.423795,37.780611,3
8,Q19,19,0.8425769999999999,0.325503,0.9098408197607976,0.3091,1.893128,3
8,Q20,20,109.09782066666666,109.84328,1.585564951280556,107.276908,110.173274,3
8,Q21,21,75.23046433333333,75.186494,11.451681811515824,63.800831,86.704068,3
8,Q22,22,0.34105633333333335,0.303509,0.07351000618509924,0.293903,0.425757,3
